["for _ in range(int(input())):\n    n = int(input())\n    mass = []\n    zo = 0\n    oz = 0\n    zz = 0\n    oo = 0\n    ozs = []\n    zos = []\n    ozss = set()\n    zoss = set()\n    for j in range(n):\n        k = input()\n        mass.append(k)\n        if k[0] == '0' and k[-1] == '1':\n            zoss.add(k)\n            zos.append(j + 1)\n            zo += 1\n        elif k[0] == '1' and k[-1] == '0':\n            ozss.add(k)\n            ozs.append(j + 1)\n            oz += 1\n        elif k[0] == '0' and k[-1] == '0':\n            zz += 1\n        else:\n            oo += 1\n    if zz and oo and not oz and not zo:\n        print(-1)\n        continue\n    else:\n        if zo > oz:\n            print((zo - oz) // 2)\n            ans = []\n            need = (zo - oz) // 2\n            i = 0\n            while need:\n                zzz = mass[zos[i] - 1][len(mass[zos[i] - 1]) - 1:: -1]\n                if zzz not in ozss:\n                    ans.append(zos[i])\n                    need -= 1\n                i += 1\n            print(*ans)\n        else:\n            print((oz - zo) // 2)\n            ans = []\n            need = (oz - zo) // 2\n            i = 0\n            while need:\n                zzz = mass[ozs[i] - 1][len(mass[ozs[i] - 1]) - 1:: -1]\n                if zzz not in zoss:\n                    ans.append(ozs[i])\n                    need -= 1\n                i += 1\n            print(*ans)\n", "k = int(input())\nfor i in range(k):\n    is_t = set()\n    a = dict()\n    a['00'] = []\n    a['11'] = []\n    a['01'] = []\n    a['10'] = []    \n    n = int(input())\n    s = []\n    for i in range(n):\n        b = input()\n        a[b[0] + b[-1]].append(i)\n        s.append(b)\n        is_t.add(b)\n    c = len(a['10'])\n    d = len(a['01'])\n    if c + d == 0:\n        if len(a['00']) == 0 or len(a['11']) == 0:\n            print(0)\n        else:\n            print(-1)\n    elif c > d:\n        ans = []\n        i = 0\n        m = (d + c) // 2\n        while d != m and i < len(a['10']):\n            s1 = s[a['10'][i]]\n            if s1[::-1] not in is_t:\n                d += 1\n                ans.append(a['10'][i] + 1)\n            i += 1\n        if d != m:\n            print(-1)\n        else:\n            print(len(ans))\n            print(*ans)\n    else:\n        ans = []\n        i = 0\n        m = (d + c) // 2\n        while c != m and i < len(a['01']):\n            s1 = s[a['01'][i]]\n            if s1[::-1] not in is_t:\n                c += 1\n                ans.append(a['01'][i] + 1)\n            i += 1\n        if c != m:\n            print(-1)\n        else:\n            print(len(ans))\n            print(*ans)\n", "N = int(input())\n\ndef ceildiv(x, y):\n    if x % y == 0:\n        return x // y\n    else:\n        return x // y + 1\n\nfor _ in range(N):\n    doms = []\n    oc, zc = 0, 0\n    n = int(input())\n\n    used = set()\n    fulls = dict()\n\n    for i in range(n):\n        d = input()\n        used.add(d)\n        if d[0] != d[-1]:\n            fulls[i] = d\n            doms.append((i, (d[0], d[-1])))\n        else:\n            if d[0] == '0':\n                zc = 1\n            else:\n                oc = 1\n\n    if len(doms) == 0:\n        if zc == 1 and oc == 1:\n            print(-1)\n        else:\n            print(0)\n    else:\n        # print(doms)\n\n        _01 = 0\n        _10 = 0\n\n        _01_indexes = []\n        _10_indexes = []\n\n\n        for dom in doms:\n            if dom[1] == ('0', '1'):\n                _01 += 1\n                _01_indexes.append(dom[0])\n            else:\n                _10 += 1\n                _10_indexes.append(dom[0])\n\n        if _10 < _01:\n            _01, _10 = _10, _01\n            _01_indexes, _10_indexes = _10_indexes, _01_indexes\n\n        _10_indexes = [x for x in _10_indexes if fulls[x][::-1] not in used] \n\n        need = ceildiv(_10-_01-1, 2)\n        if len(_10_indexes) >= need:\n            print(need)\n            print( ' '.join(list([str(x+1) for x in _10_indexes[:need]])) )\n        else:\n            print(-1)\n\n    # print(\"===\")\n        # print(ceil(abs(doms.count(('0', '1')) - doms.count(('1', '0'))) - 1, 2))\n\n", "t=int(input())\nfor _ in range(t):\n    n=int(input())\n    k={\"01\":0,\"00\":0,\"11\":0,\"10\":0}\n    ab=[]\n    ba=[]\n    a=[]\n    ra=set()\n    rb=set()\n    for i in range(n):\n        s=input()\n        ts=s[0]+s[-1]\n        k[ts]+=1\n        if ts==\"01\":\n            ab.append([str(i+1),s])\n            ra.add(s)\n        if ts==\"10\":\n            ba.append([str(i+1),s])\n            rb.add(s)\n    if k[\"01\"]==0 and k[\"10\"]==0 and k[\"00\"]>0 and k[\"11\"]>0:\n        ans=-1\n    else:\n        if k[\"01\"]==k[\"10\"] or k[\"01\"]==k[\"10\"]+1 or k[\"01\"]==k[\"10\"]-1:\n            ans=0\n        else:\n            m=(k[\"01\"]+k[\"10\"])//2 if (k[\"01\"]+k[\"10\"])%2==0 else (k[\"01\"]+k[\"10\"])//2+1\n            if k[\"01\"]>m:\n                ans=k[\"01\"]-m\n                for i in range(len(ab)):\n                    psp=ab[i][1]\n                    nn=list(psp)\n                    nn.reverse()\n                    psp=\"\".join(nn)\n                    c1=len(rb)\n                    rb.add(psp)\n                    c2=len(rb)\n                    if c1!=c2:\n                        a.append(ab[i][0])\n                if len(a)>=ans:\n                    a=a[:ans]\n                else:\n                    ans=-1\n            else:\n                ans=k[\"10\"]-m\n                for i in range(len(ba)):\n                    psp=ba[i][1]\n                    nn=list(psp)\n                    nn.reverse()\n                    psp=\"\".join(nn)\n                    c1=len(ra)\n                    ra.add(psp)\n                    c2=len(ra)\n                    if c1!=c2:\n                        a.append(ba[i][0])\n                if len(a)>=ans:\n                    a=a[:ans]\n                else:\n                    ans=-1\n    print(ans)\n    if ans>0:\n        print(\" \".join(a))\n", "t=int(input())\nfor i in range(t):\n    n=int(input())\n    i0,i1=[],[]\n    l0,l1=[],[]\n    h0,h1=False,False\n    for i in range(n):\n        t=input()\n        if t[0]=='0' and t[-1]=='1':\n            i0.append(i)\n            l0.append(t)\n        elif t[0]=='1' and t[-1]=='0':\n            i1.append(i)\n            l1.append(t)\n        elif t[0]==t[-1]=='1':\n            h1=True\n        elif t[0]==t[-1]=='0':\n            h0=True\n    c0,c1=len(l0),len(l1)\n    req,sl=0,[]\n    s0=set(l0)\n    s1=set(l1)\n    if c0>0 or c1>0:\n        if c0-c1>1:\n            req=(c0-c1)//2\n            sel=0\n            sl=[]\n            for tt in range(len(l0)):\n                t=l0[tt]\n                if not t[::-1] in s1:\n                    req-=1\n                    sl.append(i0[tt]+1)\n                if req==0:\n                    break\n        elif c1-c0>1:\n            req=(c1-c0)//2\n            sel=0\n            sl=[]\n            for tt in range(len(l1)):\n                t=l1[tt]\n                if not t[::-1] in s0:\n                    req-=1\n                    sl.append(i1[tt]+1)\n                if req==0:\n                    break\n        if req>0:\n            print(-1)\n        else:\n            print(len(sl))\n            print(*sl)\n    else:\n        if h0 and h1:\n            print(-1)\n        else:\n            print(0)\n            print(*[])\n"]